,Exchange Date,Bid
0,10-May-2022,"45,648.2457"
1,09-May-2022,"44,472.0857"
2,06-May-2022,"50,945.0911"
3,05-May-2022,"51,231.8009"
4,04-May-2022,"54,780.5892"
5,03-May-2022,"53,216.6855"
6,02-May-2022,"54,324.4079"
7,29-Apr-2022,"54,566.9922"
8,28-Apr-2022,"56,189.8675"
9,27-Apr-2022,"54,846.4646"
10,26-Apr-2022,"53,492.1544"
11,25-Apr-2022,"55,964.1126"
12,22-Apr-2022,"54,713.4254"
13,21-Apr-2022,"55,032.0320"
14,20-Apr-2022,"55,589.2766"
15,19-Apr-2022,"56,009.1020"
16,18-Apr-2022,"55,311.1413"
17,15-Apr-2022,"54,593.6613"
18,14-Apr-2022,"53,776.0544"
19,13-Apr-2022,"55,335.5562"
20,12-Apr-2022,"52,966.9481"
21,11-Apr-2022,"53,690.6848"
22,08-Apr-2022,"57,383.9480"
23,07-Apr-2022,"58,231.4931"
24,06-Apr-2022,"58,387.3985"
25,05-Apr-2022,"60,522.9815"
26,04-Apr-2022,"61,378.9634"
27,01-Apr-2022,"61,532.7956"
28,31-Mar-2022,"61,164.5282"
29,30-Mar-2022,"62,959.9121"
30,29-Mar-2022,"63,200.7852"
31,28-Mar-2022,"64,031.4286"
32,25-Mar-2022,"59,315.8238"
33,24-Mar-2022,"58,418.7517"
34,23-Mar-2022,"56,463.8763"
35,22-Mar-2022,"57,032.8156"
36,21-Mar-2022,"55,553.5126"
37,18-Mar-2022,"56,297.0870"
38,17-Mar-2022,"55,180.3470"
39,16-Mar-2022,"56,583.7197"
40,15-Mar-2022,"54,786.3971"
41,14-Mar-2022,"53,851.1198"
42,11-Mar-2022,"53,276.5496"
43,10-Mar-2022,"53,440.5354"
44,09-Mar-2022,"57,185.4315"
45,08-Mar-2022,"52,947.5516"
46,07-Mar-2022,"51,665.9563"
47,04-Mar-2022,"53,421.7444"
48,03-Mar-2022,"57,411.5143"
49,02-Mar-2022,"60,391.0536"
50,01-Mar-2022,"60,481.8057"
51,28-Feb-2022,"57,327.4091"
52,25-Feb-2022,"53,873.4936"
53,24-Feb-2022,"53,601.2144"
54,23-Feb-2022,"51,867.8507"
55,22-Feb-2022,"52,472.2161"
56,21-Feb-2022,"51,543.1790"
57,18-Feb-2022,"55,718.6063"
58,17-Feb-2022,"56,605.1336"
59,16-Feb-2022,"61,254.0642"
60,15-Feb-2022,"61,499.5666"
61,14-Feb-2022,"59,275.5437"
62,11-Feb-2022,"59,628.6675"
63,10-Feb-2022,"61,067.9319"
64,09-Feb-2022,"61,950.6407"
65,08-Feb-2022,"61,880.2575"
66,07-Feb-2022,"61,877.5923"
67,04-Feb-2022,"57,410.2430"
68,03-Feb-2022,"51,754.1305"
69,02-Feb-2022,"51,716.5593"
70,01-Feb-2022,"54,432.7535"
71,31-Jan-2022,"54,363.8704"
72,28-Jan-2022,"54,081.3967"
73,27-Jan-2022,"51,440.8186"
74,26-Jan-2022,"51,061.3969"
75,25-Jan-2022,"51,131.9351"
76,24-Jan-2022,"51,548.9919"
77,21-Jan-2022,"51,040.3758"
78,20-Jan-2022,"57,166.6113"
79,19-Jan-2022,"57,840.6129"
80,18-Jan-2022,"58,968.9857"
81,17-Jan-2022,"57,864.8641"
82,14-Jan-2022,"60,082.2281"
83,13-Jan-2022,"58,755.9764"
84,12-Jan-2022,"60,100.2882"
85,11-Jan-2022,"59,193.3712"
86,10-Jan-2022,"58,160.0028"
87,07-Jan-2022,"58,308.1755"
88,06-Jan-2022,"60,164.6615"
89,05-Jan-2022,"60,345.3677"
90,04-Jan-2022,"63,819.5442"
91,03-Jan-2022,"63,915.4873"
92,31-Dec-2021,"63,769.8706"
93,30-Dec-2021,"65,216.4506"
94,29-Dec-2021,"65,100.6066"
95,28-Dec-2021,"65,759.1425"
96,27-Dec-2021,"70,416.3237"
97,24-Dec-2021,"70,419.8284"
98,23-Dec-2021,"70,160.9026"
99,22-Dec-2021,"67,992.3354"
100,21-Dec-2021,"68,605.7015"
101,20-Dec-2021,"66,018.5242"
102,17-Dec-2021,"65,755.6132"
103,16-Dec-2021,"66,940.5567"
104,15-Dec-2021,"68,587.2786"
105,14-Dec-2021,"67,981.2218"
106,13-Dec-2021,"65,642.1680"
107,10-Dec-2021,"66,809.5218"
108,09-Dec-2021,"67,096.9655"
109,08-Dec-2021,"70,587.2020"
110,07-Dec-2021,"70,946.1798"
111,06-Dec-2021,"71,059.8922"
112,03-Dec-2021,"76,544.0954"
113,02-Dec-2021,"80,188.5271"
114,01-Dec-2021,"80,218.7113"
115,30-Nov-2021,"80,135.0028"
116,29-Nov-2021,"81,578.7993"
117,26-Nov-2021,"75,772.6533"
118,25-Nov-2021,"81,814.8776"
119,24-Nov-2021,"79,641.0392"
120,23-Nov-2021,"79,817.3883"
121,22-Nov-2021,"77,881.3564"
122,19-Nov-2021,"79,959.1349"
123,18-Nov-2021,"79,087.7868"
124,17-Nov-2021,"82,724.1916"
125,16-Nov-2021,"82,773.3881"
126,15-Nov-2021,"86,934.5264"
127,12-Nov-2021,"87,379.5200"
128,11-Nov-2021,"89,214.4248"
129,10-Nov-2021,"87,698.9629"
130,09-Nov-2021,"91,744.3496"
131,08-Nov-2021,"89,092.7792"
132,05-Nov-2021,"82,345.4681"
133,04-Nov-2021,"82,884.6123"
134,03-Nov-2021,"84,281.4288"
135,02-Nov-2021,"84,958.6945"
136,01-Nov-2021,"80,677.6109"
137,29-Oct-2021,"82,926.5586"
138,28-Oct-2021,"81,359.6077"
139,27-Oct-2021,"78,335.2261"
140,26-Oct-2021,"82,774.2701"
141,25-Oct-2021,"83,463.5260"
142,22-Oct-2021,"81,325.5157"
143,21-Oct-2021,"83,916.0418"
144,20-Oct-2021,"87,791.3795"
145,19-Oct-2021,"85,827.0075"
146,18-Oct-2021,"82,777.4420"
147,15-Oct-2021,"84,169.0454"
148,14-Oct-2021,"77,426.9651"
149,13-Oct-2021,"77,194.5528"
150,12-Oct-2021,"75,290.0014"
151,11-Oct-2021,"77,979.1378"
152,08-Oct-2021,"73,832.9595"
153,07-Oct-2021,"74,068.7175"
154,06-Oct-2021,"75,497.9931"
155,05-Oct-2021,"70,575.7027"
156,04-Oct-2021,"67,278.3331"
157,01-Oct-2021,"66,307.6881"
158,30-Sep-2021,"60,080.0221"
159,29-Sep-2021,"57,259.3593"
160,28-Sep-2021,"57,711.4949"
161,27-Sep-2021,"58,591.6838"
162,24-Sep-2021,"59,171.4364"
163,23-Sep-2021,"61,260.4769"
164,22-Sep-2021,"59,937.8639"
165,21-Sep-2021,"56,545.0021"
166,20-Sep-2021,"59,996.6368"
167,17-Sep-2021,"64,623.5310"
168,16-Sep-2021,"64,650.0069"
169,15-Sep-2021,"65,330.0981"
170,14-Sep-2021,"63,960.2322"
171,13-Sep-2021,"61,301.5744"
172,10-Sep-2021,"61,236.9172"
173,09-Sep-2021,"62,758.8626"
174,08-Sep-2021,"62,501.8870"
175,07-Sep-2021,"63,340.7172"
176,06-Sep-2021,"69,791.6140"
177,03-Sep-2021,"67,197.3056"
178,02-Sep-2021,"66,951.6282"
179,01-Sep-2021,"65,500.2850"
180,31-Aug-2021,"64,238.2124"
181,30-Aug-2021,"66,633.0319"
182,27-Aug-2021,"66,888.1854"
183,26-Aug-2021,"64,951.0497"
184,25-Aug-2021,"66,898.1723"
185,24-Aug-2021,"66,582.5458"
186,23-Aug-2021,"68,679.5284"
187,20-Aug-2021,"68,190.5116"
188,19-Aug-2021,"65,170.3274"
189,18-Aug-2021,"61,573.8145"
190,17-Aug-2021,"61,998.5661"
191,16-Aug-2021,"62,778.8663"
192,13-Aug-2021,"64,582.1327"
193,12-Aug-2021,"60,644.4656"
194,11-Aug-2021,"62,839.4087"
195,10-Aug-2021,"62,077.3259"
196,09-Aug-2021,"61,953.0198"
197,06-Aug-2021,"58,084.8192"
198,05-Aug-2021,"55,211.2071"
199,04-Aug-2021,"53,836.0385"
200,03-Aug-2021,"51,435.7432"
201,02-Aug-2021,"52,751.1953"
202,30-Jul-2021,"55,360.2369"
203,29-Jul-2021,"53,702.9877"
204,28-Jul-2021,"54,130.8214"
205,27-Jul-2021,"51,661.3797"
206,26-Jul-2021,"51,125.5080"
207,23-Jul-2021,"44,098.5613"
208,22-Jul-2021,"43,672.0867"
209,21-Jul-2021,"43,194.5245"
210,20-Jul-2021,"40,710.0764"
211,19-Jul-2021,"41,874.8469"
212,16-Jul-2021,"42,983.4009"
213,15-Jul-2021,"42,734.4192"
214,14-Jul-2021,"43,830.2326"
215,13-Jul-2021,"43,637.2886"
216,12-Jul-2021,"43,918.0152"
217,09-Jul-2021,"44,767.1564"
218,08-Jul-2021,"44,161.6151"
219,07-Jul-2021,"46,161.6197"
220,06-Jul-2021,"45,282.9154"
221,05-Jul-2021,"44,948.9311"
222,02-Jul-2021,"44,018.4270"
223,01-Jul-2021,"44,712.1387"
224,30-Jun-2021,"46,094.7207"
225,29-Jun-2021,"48,119.6726"
226,28-Jun-2021,"45,793.6055"
227,25-Jun-2021,"42,422.8255"
228,24-Jun-2021,"45,945.7410"
229,23-Jun-2021,"43,633.6281"
230,22-Jun-2021,"43,528.1535"
231,21-Jun-2021,"43,211.0521"
232,18-Jun-2021,"47,460.0615"
233,17-Jun-2021,"49,978.0323"
234,16-Jun-2021,"50,603.3631"
235,15-Jun-2021,"51,936.1331"
236,14-Jun-2021,"51,662.7253"
237,11-Jun-2021,"48,174.4162"
238,10-Jun-2021,"47,042.6103"
239,09-Jun-2021,"47,079.2394"
240,08-Jun-2021,"43,420.3539"
241,07-Jun-2021,"44,412.1857"
242,04-Jun-2021,"47,862.5145"
243,03-Jun-2021,"50,524.5692"
244,02-Jun-2021,"48,670.4282"
245,01-Jun-2021,"46,829.5384"
246,31-May-2021,"47,434.6263"
247,28-May-2021,"45,636.4874"
248,27-May-2021,"49,732.5714"
249,26-May-2021,"50,069.6422"
250,25-May-2021,"48,550.7676"
251,24-May-2021,"50,305.2231"
252,21-May-2021,"45,534.6522"
253,20-May-2021,"51,512.4084"
254,19-May-2021,"49,587.1151"
255,18-May-2021,"55,528.2232"
256,17-May-2021,"57,658.9008"
257,14-May-2021,"63,229.5267"
258,13-May-2021,"63,770.6894"
259,12-May-2021,"70,511.3886"
260,11-May-2021,"72,540.5150"
261,10-May-2021,"70,617.2880"
262,07-May-2021,"73,510.5786"
263,06-May-2021,"71,898.0851"
264,05-May-2021,"73,375.5710"
265,04-May-2021,"71,041.8191"
266,03-May-2021,"73,168.2082"
267,30-Apr-2021,"73,597.9528"
268,29-Apr-2021,"68,207.0546"
269,28-Apr-2021,"69,832.6533"
270,27-Apr-2021,"71,035.4100"
271,26-Apr-2021,"68,269.5424"
272,23-Apr-2021,"65,234.0604"
273,22-Apr-2021,"66,893.5538"
274,21-Apr-2021,"70,898.4782"
275,20-Apr-2021,"73,493.2695"
276,19-Apr-2021,"72,442.4410"
277,16-Apr-2021,"80,163.9690"
278,15-Apr-2021,"81,772.8105"
279,14-Apr-2021,"80,750.2718"
280,13-Apr-2021,"82,691.5063"
281,12-Apr-2021,"78,613.5887"
282,09-Apr-2021,"76,495.3693"
283,08-Apr-2021,"75,334.2435"
284,07-Apr-2021,"73,820.9165"
285,06-Apr-2021,"75,970.5898"
286,05-Apr-2021,"76,822.3369"
287,02-Apr-2021,"77,112.4491"
288,01-Apr-2021,"77,228.7046"
289,31-Mar-2021,"77,547.5000"
290,30-Mar-2021,"77,179.5368"
291,29-Mar-2021,"74,983.6347"
292,26-Mar-2021,"70,708.3933"
293,25-Mar-2021,"68,594.5778"
294,24-Mar-2021,"71,223.5628"
295,23-Mar-2021,"71,373.4723"
296,22-Mar-2021,"70,396.5281"
297,19-Mar-2021,"75,394.1632"
298,18-Mar-2021,"74,059.9459"
299,17-Mar-2021,"74,016.7201"
300,16-Mar-2021,"72,779.1274"
301,15-Mar-2021,"72,714.4018"
302,12-Mar-2021,"73,309.9910"
303,11-Mar-2021,"73,898.8321"
304,10-Mar-2021,"73,550.2844"
305,09-Mar-2021,"70,416.8828"
306,08-Mar-2021,"67,789.2040"
307,05-Mar-2021,"63,787.5390"
308,04-Mar-2021,"61,984.1336"
309,03-Mar-2021,"65,480.4809"
310,02-Mar-2021,"60,653.6061"
311,01-Mar-2021,"62,820.8617"
312,26-Feb-2021,"59,247.2168"
313,25-Feb-2021,"61,007.6200"
314,24-Feb-2021,"61,140.2635"
315,23-Feb-2021,"60,598.3948"
316,22-Feb-2021,"69,382.0455"
317,19-Feb-2021,"70,649.9682"
318,18-Feb-2021,"66,957.5492"
319,17-Feb-2021,"67,574.2971"
320,16-Feb-2021,"62,585.9518"
321,15-Feb-2021,"61,919.1339"
322,12-Feb-2021,"61,789.2899"
323,11-Feb-2021,"60,519.3473"
324,10-Feb-2021,"58,293.5129"
325,09-Feb-2021,"61,145.0517"
326,08-Feb-2021,"57,993.4173"
327,05-Feb-2021,"49,296.7834"
328,04-Feb-2021,"49,573.6745"
329,03-Feb-2021,"48,949.9934"
330,02-Feb-2021,"46,881.0594"
331,01-Feb-2021,"44,150.3018"
332,29-Jan-2021,"45,267.5824"
333,28-Jan-2021,"43,265.1178"
334,27-Jan-2021,"40,443.0137"
335,26-Jan-2021,"41,334.2931"
336,25-Jan-2021,"42,426.0604"
337,22-Jan-2021,"43,160.1710"
338,21-Jan-2021,"40,157.5918"
339,20-Jan-2021,"45,047.9479"
340,19-Jan-2021,"47,386.0205"
341,18-Jan-2021,"47,139.7449"
342,15-Jan-2021,"47,053.8292"
343,14-Jan-2021,"49,773.6727"
344,13-Jan-2021,"48,192.6697"
345,12-Jan-2021,"44,625.3023"
346,11-Jan-2021,"44,094.5202"
347,08-Jan-2021,"51,579.0233"
348,07-Jan-2021,"51,109.5495"
349,06-Jan-2021,"46,061.9633"
350,05-Jan-2021,"43,535.9186"
351,04-Jan-2021,"40,476.9733"
352,01-Jan-2021,"37,954.7366"
353,31-Dec-2020,"37,665.8004"
354,30-Dec-2020,"37,591.9865"
355,29-Dec-2020,"35,351.8338"
356,28-Dec-2020,"35,072.3747"
357,25-Dec-2020,"32,112.5263"
358,24-Dec-2020,"30,806.9914"
359,23-Dec-2020,"30,734.4682"
360,22-Dec-2020,"31,152.6917"
361,21-Dec-2020,"30,491.4327"
362,18-Dec-2020,"30,027.1178"
363,17-Dec-2020,"29,902.2170"
364,16-Dec-2020,"27,975.1122"
365,15-Dec-2020,"25,690.9668"
366,14-Dec-2020,"25,462.8731"
367,11-Dec-2020,"24,011.0153"
368,10-Dec-2020,"24,345.3351"
369,09-Dec-2020,"24,858.5605"
370,08-Dec-2020,"25,313.7057"
371,07-Dec-2020,"25,707.8011"
372,04-Dec-2020,"25,343.4900"
373,03-Dec-2020,"26,153.7428"
374,02-Dec-2020,"25,811.1620"
375,01-Dec-2020,"25,824.4779"
376,30-Nov-2020,"26,372.9958"
377,27-Nov-2020,"23,013.9686"
378,26-Nov-2020,"23,149.5247"
379,25-Nov-2020,"25,621.8194"
380,24-Nov-2020,"25,716.5852"
381,23-Nov-2020,"25,282.2698"
382,20-Nov-2020,"25,439.3375"
383,19-Nov-2020,"24,611.7131"
384,18-Nov-2020,"24,329.8481"
385,17-Nov-2020,"24,146.9058"
386,16-Nov-2020,"22,810.3552"
387,13-Nov-2020,"22,404.4154"
388,12-Nov-2020,"22,332.7941"
389,11-Nov-2020,"21,738.1162"
390,10-Nov-2020,"21,134.6281"
391,09-Nov-2020,"21,114.9602"
392,06-Nov-2020,"21,411.8303"
393,05-Nov-2020,"20,923.8880"
394,04-Nov-2020,"19,502.6873"
395,03-Nov-2020,"19,172.4672"
396,02-Nov-2020,"19,300.8220"
397,30-Oct-2020,"19,400.1138"
398,29-Oct-2020,"19,178.8336"
399,28-Oct-2020,"18,740.9878"
400,27-Oct-2020,"19,092.8050"
401,26-Oct-2020,"18,271.1398"
402,23-Oct-2020,"18,119.3670"
403,22-Oct-2020,"18,433.5440"
404,21-Oct-2020,"18,053.8213"
405,20-Oct-2020,"16,883.6147"
406,19-Oct-2020,"16,594.0161"
407,16-Oct-2020,"15,972.8890"
408,15-Oct-2020,"16,266.5352"
409,14-Oct-2020,"15,900.2652"
410,13-Oct-2020,"15,959.8576"
411,12-Oct-2020,"16,037.9698"
412,09-Oct-2020,"15,242.3422"
413,08-Oct-2020,"15,197.4470"
414,07-Oct-2020,"14,924.6359"
415,06-Oct-2020,"14,837.5264"
416,05-Oct-2020,"14,953.2795"
417,02-Oct-2020,"14,716.7481"
418,01-Oct-2020,"14,756.0891"
419,30-Sep-2020,"14,939.3356"
420,29-Sep-2020,"15,084.6402"
421,28-Sep-2020,"15,368.5238"
422,25-Sep-2020,"15,244.2310"
423,24-Sep-2020,"15,077.4514"
424,23-Sep-2020,"14,436.6860"
425,22-Sep-2020,"14,656.8521"
426,21-Sep-2020,"14,496.1246"
427,18-Sep-2020,"14,935.3175"
428,17-Sep-2020,"14,953.4454"
429,16-Sep-2020,"15,041.1660"
430,15-Sep-2020,"14,872.2580"
431,14-Sep-2020,"14,667.1834"
432,11-Sep-2020,"14,175.6486"
433,10-Sep-2020,"14,190.9767"
434,09-Sep-2020,"14,078.7617"
435,08-Sep-2020,"13,872.8067"
436,07-Sep-2020,"13,945.8654"
437,04-Sep-2020,"14,557.6274"
438,03-Sep-2020,"14,824.4845"
439,02-Sep-2020,"15,491.2262"
440,01-Sep-2020,"16,293.6390"
441,31-Aug-2020,"15,823.0175"
442,28-Aug-2020,"15,604.0174"
443,27-Aug-2020,"15,507.0514"
444,26-Aug-2020,"15,908.1133"
445,25-Aug-2020,"15,644.3580"
446,24-Aug-2020,"16,366.8993"
447,21-Aug-2020,"16,212.5785"
448,20-Aug-2020,"16,485.0709"
449,19-Aug-2020,"16,305.0390"
450,18-Aug-2020,"16,597.0320"
451,17-Aug-2020,"17,075.0693"
452,14-Aug-2020,"16,406.4269"
453,13-Aug-2020,"16,232.4664"
454,12-Aug-2020,"16,140.3825"
455,11-Aug-2020,"15,679.2833"
456,10-Aug-2020,"16,576.8564"
457,07-Aug-2020,"16,161.3354"
458,06-Aug-2020,"16,371.9259"
459,05-Aug-2020,"16,254.0526"
460,04-Aug-2020,"15,662.5524"
461,03-Aug-2020,"15,977.4035"
462,31-Jul-2020,"15,875.7839"
463,30-Jul-2020,"15,490.5212"
464,29-Jul-2020,"15,600.3477"
465,28-Jul-2020,"15,332.9096"
466,27-Jul-2020,"15,227.2689"
467,24-Jul-2020,"13,546.3411"
468,23-Jul-2020,"13,513.6357"
469,22-Jul-2020,"13,123.2675"
470,21-Jul-2020,"13,152.3569"
471,20-Jul-2020,"13,072.4163"
472,17-Jul-2020,"13,077.0286"
473,16-Jul-2020,"13,054.2091"
474,15-Jul-2020,"13,140.7191"
475,14-Jul-2020,"13,293.4346"
476,13-Jul-2020,"13,318.0640"
477,10-Jul-2020,"13,279.8590"
478,09-Jul-2020,"13,261.4645"
479,08-Jul-2020,"13,496.6781"
480,07-Jul-2020,"13,319.1566"
481,06-Jul-2020,"13,297.7921"
482,03-Jul-2020,"13,082.6400"
483,02-Jul-2020,"13,110.2253"
484,01-Jul-2020,"13,354.0408"
485,30-Jun-2020,"13,247.0307"
486,29-Jun-2020,"13,367.6668"
487,26-Jun-2020,"13,378.3863"
488,25-Jun-2020,"13,462.5091"
489,24-Jun-2020,"13,513.1295"
490,23-Jun-2020,"13,894.0990"
491,22-Jun-2020,"13,955.2178"
492,19-Jun-2020,"13,624.0199"
493,18-Jun-2020,"13,626.6744"
494,17-Jun-2020,"13,604.8504"
495,16-Jun-2020,"13,770.1871"
496,15-Jun-2020,"13,700.5202"
497,12-Jun-2020,"13,780.7020"
498,11-Jun-2020,"13,620.9160"
499,10-Jun-2020,"14,095.3851"
500,09-Jun-2020,"14,002.2985"
501,08-Jun-2020,"13,818.3450"
502,05-Jun-2020,"13,936.2841"
503,04-Jun-2020,"14,086.6503"
504,03-Jun-2020,"13,840.5952"
505,02-Jun-2020,"13,804.0458"
506,01-Jun-2020,"14,235.5199"
507,29-May-2020,"14,115.9868"
508,28-May-2020,"14,229.4968"
509,27-May-2020,"13,835.2461"
510,26-May-2020,"13,313.3774"
511,25-May-2020,"13,618.1027"
512,22-May-2020,"14,040.5691"
513,21-May-2020,"13,783.1252"
514,20-May-2020,"14,528.3376"
515,19-May-2020,"14,811.2267"
516,18-May-2020,"14,829.7057"
517,15-May-2020,"14,398.8934"
518,14-May-2020,"14,936.1287"
519,13-May-2020,"14,398.4201"
520,12-May-2020,"13,625.6066"
521,11-May-2020,"13,301.4944"
522,08-May-2020,"15,311.5909"
523,07-May-2020,"15,081.8839"
524,06-May-2020,"14,442.4399"
525,05-May-2020,"13,910.5689"
526,04-May-2020,"13,874.0199"
527,01-May-2020,"13,596.4803"
528,30-Apr-2020,"13,548.9251"
529,29-Apr-2020,"13,617.7063"
530,28-Apr-2020,"11,911.3062"
531,27-Apr-2020,"11,917.5379"
532,24-Apr-2020,"11,785.3811"
533,23-Apr-2020,"11,829.1634"
534,22-Apr-2020,"11,252.7747"
535,21-Apr-2020,"10,968.3063"
536,20-Apr-2020,"10,830.9404"
537,17-Apr-2020,"11,083.6135"
538,16-Apr-2020,"11,146.9352"
539,15-Apr-2020,"10,673.1171"
540,14-Apr-2020,"10,661.6853"
541,13-Apr-2020,"10,690.0861"
542,10-Apr-2020,"10,892.8504"
543,09-Apr-2020,"11,508.8300"
544,08-Apr-2020,"11,740.3883"
545,07-Apr-2020,"11,527.0945"
546,06-Apr-2020,"11,866.8693"
547,03-Apr-2020,"11,167.6672"
548,02-Apr-2020,"11,121.0526"
549,01-Apr-2020,"10,451.8116"
550,31-Mar-2020,"10,549.2912"
551,30-Mar-2020,"10,489.9222"
552,27-Mar-2020,"10,830.6794"
553,26-Mar-2020,"11,113.2377"
554,25-Mar-2020,"11,066.4933"
555,24-Mar-2020,"11,330.6595"
556,23-Mar-2020,"10,989.5008"
557,20-Mar-2020,"10,281.4310"
558,19-Mar-2020,"10,887.5675"
559,18-Mar-2020,"9,240.1524"
560,17-Mar-2020,"9,104.7484"
561,16-Mar-2020,"8,005.8179"
562,13-Mar-2020,"8,778.4028"
563,12-Mar-2020,"9,150.2565"
564,11-Mar-2020,"12,112.1955"
565,10-Mar-2020,"12,292.5926"
566,09-Mar-2020,"11,920.6740"
567,06-Mar-2020,"13,723.8840"
568,05-Mar-2020,"13,771.7201"
569,04-Mar-2020,"13,166.6566"
570,03-Mar-2020,"13,258.0650"
571,02-Mar-2020,"13,669.4848"
572,28-Feb-2020,"13,303.7014"
573,27-Feb-2020,"13,319.5282"
574,26-Feb-2020,"13,354.5607"
575,25-Feb-2020,"14,194.0064"
576,24-Feb-2020,"14,525.4920"
577,21-Feb-2020,"14,589.9080"
578,20-Feb-2020,"14,515.1428"
579,19-Feb-2020,"14,408.7614"
580,18-Feb-2020,"15,179.2794"
581,17-Feb-2020,"14,358.6448"
582,14-Feb-2020,"15,392.5115"
583,13-Feb-2020,"15,139.1071"
584,12-Feb-2020,"15,414.1267"
585,11-Feb-2020,"15,244.0357"
586,10-Feb-2020,"14,747.1661"
587,07-Feb-2020,"14,600.6144"
588,06-Feb-2020,"14,458.7877"
589,05-Feb-2020,"14,356.8994"
590,04-Feb-2020,"13,549.6142"
591,03-Feb-2020,"13,852.0096"
592,31-Jan-2020,"13,968.7733"
593,30-Jan-2020,"14,195.4491"
594,29-Jan-2020,"13,846.8542"
595,28-Jan-2020,"13,361.8069"
596,27-Jan-2020,"13,231.3665"
597,24-Jan-2020,"12,435.7394"
598,23-Jan-2020,"12,238.2301"
599,22-Jan-2020,"12,612.0800"
600,21-Jan-2020,"12,728.5130"
601,20-Jan-2020,"12,613.7620"
602,17-Jan-2020,"12,954.5388"
603,16-Jan-2020,"12,577.6667"
604,15-Jan-2020,"12,774.5510"
605,14-Jan-2020,"12,661.1852"
606,13-Jan-2020,"11,772.1756"
607,10-Jan-2020,"11,640.2317"
608,09-Jan-2020,"11,343.6944"
609,08-Jan-2020,"11,656.7705"
610,07-Jan-2020,"11,674.0175"
611,06-Jan-2020,"10,907.9095"
612,03-Jan-2020,"10,459.4847"
613,02-Jan-2020,"9,945.5390"
614,01-Jan-2020,"10,277.2015"
615,31-Dec-2019,"10,190.1168"
616,30-Dec-2019,"10,350.9364"
617,27-Dec-2019,"10,337.1400"
618,26-Dec-2019,"10,338.7417"
619,25-Dec-2019,"10,409.6807"
620,24-Dec-2019,"10,460.4218"
621,23-Dec-2019,"10,560.8520"
622,20-Dec-2019,"10,426.8261"
623,19-Dec-2019,"10,378.8649"
624,18-Dec-2019,"10,397.8407"
625,17-Dec-2019,"9,648.7015"
626,16-Dec-2019,"9,978.2457"
627,13-Dec-2019,"10,521.2738"
628,12-Dec-2019,"10,411.8234"
629,11-Dec-2019,"10,454.4556"
630,10-Dec-2019,"10,597.7386"
631,09-Dec-2019,"10,775.0696"
632,06-Dec-2019,"10,918.5819"
633,05-Dec-2019,"10,792.2897"
634,04-Dec-2019,"10,479.7548"
635,03-Dec-2019,"10,696.5245"
636,02-Dec-2019,"10,731.3389"
637,29-Nov-2019,"11,380.8306"
638,28-Nov-2019,"11,165.9578"
639,27-Nov-2019,"11,131.6123"
640,26-Nov-2019,"10,470.9236"
641,25-Nov-2019,"10,621.4244"
642,22-Nov-2019,"10,808.5752"
643,21-Nov-2019,"11,177.2098"
644,20-Nov-2019,"11,879.5267"
645,19-Nov-2019,"11,866.7643"
646,18-Nov-2019,"12,058.5205"
647,15-Nov-2019,"12,382.2607"
648,14-Nov-2019,"12,737.1685"
649,13-Nov-2019,"12,791.3584"
650,12-Nov-2019,"12,799.5324"
651,11-Nov-2019,"12,739.9445"
652,08-Nov-2019,"12,906.1926"
653,07-Nov-2019,"13,343.4556"
654,06-Nov-2019,"13,530.9704"
655,05-Nov-2019,"13,555.2654"
656,04-Nov-2019,"13,702.8613"
657,01-Nov-2019,"13,311.1063"
658,31-Oct-2019,"13,329.6447"
659,30-Oct-2019,"13,301.6512"
660,29-Oct-2019,"13,757.4800"
661,28-Oct-2019,"13,822.8835"
662,25-Oct-2019,"12,555.2169"
663,24-Oct-2019,"10,924.9927"
664,23-Oct-2019,"10,922.9613"
665,22-Oct-2019,"11,843.9633"
666,21-Oct-2019,"11,938.9172"
667,18-Oct-2019,"11,582.3246"
668,17-Oct-2019,"11,781.9461"
669,16-Oct-2019,"11,816.3142"
670,15-Oct-2019,"12,050.5922"
671,14-Oct-2019,"12,305.9179"
672,11-Oct-2019,"12,275.6884"
673,10-Oct-2019,"12,687.8143"
674,09-Oct-2019,"12,759.6760"
675,08-Oct-2019,"12,072.9718"
676,07-Oct-2019,"12,199.2574"
677,04-Oct-2019,"12,059.3501"
678,03-Oct-2019,"12,076.6128"
679,02-Oct-2019,"12,264.1920"
680,01-Oct-2019,"12,476.6925"
681,30-Sep-2019,"12,196.5042"
682,27-Sep-2019,"11,905.8380"
683,26-Sep-2019,"11,982.7111"
684,25-Sep-2019,"12,590.3140"
685,24-Sep-2019,"12,589.1371"
686,23-Sep-2019,"14,411.3818"
687,20-Sep-2019,"14,965.5539"
688,19-Sep-2019,"15,099.2199"
689,18-Sep-2019,"14,921.6137"
690,17-Sep-2019,"14,919.2022"
691,16-Sep-2019,"14,876.8167"
692,13-Sep-2019,"14,924.8001"
693,12-Sep-2019,"15,036.4007"
694,11-Sep-2019,"14,711.9918"
695,10-Sep-2019,"14,634.1979"
696,09-Sep-2019,"14,913.9589"
697,06-Sep-2019,"15,118.1075"
698,05-Sep-2019,"15,424.2482"
699,04-Sep-2019,"15,634.7308"
700,03-Sep-2019,"15,839.6212"
701,02-Sep-2019,"15,492.7359"
702,30-Aug-2019,"14,281.6860"
703,29-Aug-2019,"14,153.6781"
704,28-Aug-2019,"14,352.1604"
705,27-Aug-2019,"15,017.6958"
706,26-Aug-2019,"15,143.7721"
707,23-Aug-2019,"15,326.3057"
708,22-Aug-2019,"15,063.6283"
709,21-Aug-2019,"14,966.0867"
710,20-Aug-2019,"15,786.9027"
711,19-Aug-2019,"15,768.3612"
712,16-Aug-2019,"15,323.2970"
713,15-Aug-2019,"15,295.5585"
714,14-Aug-2019,"15,045.6660"
715,13-Aug-2019,"15,974.0517"
716,12-Aug-2019,"16,896.2985"
717,09-Aug-2019,"17,468.9747"
718,08-Aug-2019,"17,040.7821"
719,07-Aug-2019,"17,551.5021"
720,06-Aug-2019,"17,220.7779"
721,05-Aug-2019,"17,340.5149"
722,02-Aug-2019,"15,297.1622"
723,01-Aug-2019,"15,309.4251"
724,31-Jul-2019,"14,640.8619"
725,30-Jul-2019,"13,878.1173"
726,29-Jul-2019,"13,770.7374"
727,26-Jul-2019,"14,212.7604"
728,25-Jul-2019,"14,191.8620"
729,24-Jul-2019,"13,849.5987"
730,23-Jul-2019,"14,467.5278"
731,22-Jul-2019,"14,659.5055"
732,19-Jul-2019,"14,938.4725"
733,18-Jul-2019,"15,004.2114"
734,17-Jul-2019,"13,810.9827"
735,16-Jul-2019,"13,687.0811"
736,15-Jul-2019,"15,360.6590"
737,12-Jul-2019,"16,956.1049"
738,11-Jul-2019,"15,966.7431"
739,10-Jul-2019,"16,913.6311"
740,09-Jul-2019,"17,900.5916"
741,08-Jul-2019,"17,502.5523"
742,05-Jul-2019,"15,800.4298"
743,04-Jul-2019,"16,672.5513"
744,03-Jul-2019,"16,187.8094"
745,02-Jul-2019,"15,294.7820"
746,01-Jul-2019,"15,033.5726"
747,28-Jun-2019,"17,385.8567"
748,27-Jun-2019,"15,223.9087"
749,26-Jun-2019,"18,212.3944"
750,25-Jun-2019,"16,318.7760"
751,24-Jun-2019,"15,582.4070"
752,21-Jun-2019,"14,344.9531"
753,20-Jun-2019,"13,802.8163"
754,19-Jun-2019,"13,314.5140"
755,18-Jun-2019,"13,262.5327"
756,17-Jun-2019,"13,521.9872"
757,14-Jun-2019,"12,294.0791"
758,13-Jun-2019,"11,943.7455"
759,12-Jun-2019,"11,717.4026"
760,11-Jun-2019,"11,387.6525"
761,10-Jun-2019,"11,404.8227"
762,07-Jun-2019,"11,282.5429"
763,06-Jun-2019,"11,007.3650"
764,05-Jun-2019,"11,090.2023"
765,04-Jun-2019,"10,935.1545"
766,03-Jun-2019,"12,253.8836"
767,31-May-2019,"12,240.9765"
768,30-May-2019,"12,234.2254"
769,29-May-2019,"12,496.9789"
770,28-May-2019,"12,538.6748"
771,27-May-2019,"12,645.7382"
772,24-May-2019,"11,728.5199"
773,23-May-2019,"11,410.1999"
774,22-May-2019,"11,371.8187"
775,21-May-2019,"11,747.0511"
776,20-May-2019,"11,576.8340"
777,17-May-2019,"10,335.8474"
778,16-May-2019,"11,135.9298"
779,15-May-2019,"11,783.5185"
780,14-May-2019,"11,101.2669"
781,13-May-2019,"11,320.3456"
782,10-May-2019,"8,981.4196"
783,09-May-2019,"8,698.3834"
784,08-May-2019,"8,439.8913"
785,07-May-2019,"8,329.5610"
786,06-May-2019,"8,143.7992"
787,03-May-2019,"8,095.7295"
788,02-May-2019,"7,717.7975"
789,01-May-2019,"7,558.2360"
790,30-Apr-2019,"7,427.6028"
791,29-Apr-2019,"7,266.4589"
792,26-Apr-2019,"7,233.2197"
793,25-Apr-2019,"7,831.6517"
794,24-Apr-2019,"7,746.8643"
795,23-Apr-2019,"7,856.0186"
796,22-Apr-2019,"7,520.3252"
797,19-Apr-2019,"7,365.8884"
798,18-Apr-2019,"7,422.4972"
799,17-Apr-2019,"7,269.8886"
800,16-Apr-2019,"7,225.3484"
801,15-Apr-2019,"6,997.5610"
802,12-Apr-2019,"7,029.4396"
803,11-Apr-2019,"7,091.4947"
804,10-Apr-2019,"7,387.1638"
805,09-Apr-2019,"7,324.2739"
806,08-Apr-2019,"7,366.6807"
807,05-Apr-2019,"7,032.6062"
808,04-Apr-2019,"6,818.4170"
809,03-Apr-2019,"7,446.3799"
810,02-Apr-2019,"6,789.1686"
811,01-Apr-2019,"5,799.3814"
812,29-Mar-2019,"5,735.9628"
813,28-Mar-2019,"5,666.9210"
814,27-Mar-2019,"5,656.2235"
815,26-Mar-2019,"5,482.6349"
816,25-Mar-2019,"5,469.1313"
817,22-Mar-2019,"5,614.7918"
818,21-Mar-2019,"5,584.5656"
819,20-Mar-2019,"5,632.0967"
820,19-Mar-2019,"5,631.3725"
821,18-Mar-2019,"5,585.2118"
822,15-Mar-2019,"5,492.3999"
823,14-Mar-2019,"5,449.5400"
824,13-Mar-2019,"5,426.1593"
825,12-Mar-2019,"5,456.6507"
826,11-Mar-2019,"5,439.0327"
827,08-Mar-2019,"5,481.0071"
828,07-Mar-2019,"5,515.8165"
829,06-Mar-2019,"5,466.4866"
830,05-Mar-2019,"5,407.9029"
831,04-Mar-2019,"5,215.2122"
832,01-Mar-2019,"5,401.8066"
833,28-Feb-2019,"5,352.9312"
834,27-Feb-2019,"5,249.8390"
835,26-Feb-2019,"5,269.6426"
836,25-Feb-2019,"5,307.5593"
837,22-Feb-2019,"5,527.6655"
838,21-Feb-2019,"5,496.3339"
839,20-Feb-2019,"5,458.3950"
840,19-Feb-2019,"5,426.0184"
841,18-Feb-2019,"5,400.9815"
842,15-Feb-2019,"4,982.9347"
843,14-Feb-2019,"5,021.3984"
844,13-Feb-2019,"5,035.8201"
845,12-Feb-2019,"5,041.2909"
846,11-Feb-2019,"5,084.3148"
847,08-Feb-2019,"5,068.4159"
848,07-Feb-2019,"4,727.8575"
849,06-Feb-2019,"4,736.4814"
850,05-Feb-2019,"4,727.0868"
851,04-Feb-2019,"4,727.6563"
852,01-Feb-2019,"4,755.0621"
853,31-Jan-2019,"4,693.6100"
854,30-Jan-2019,"4,734.5889"
855,29-Jan-2019,"4,750.9640"
856,28-Jan-2019,"4,766.3458"
857,25-Jan-2019,"4,953.8151"
858,24-Jan-2019,"5,031.1443"
859,23-Jan-2019,"4,957.6088"
860,22-Jan-2019,"5,016.2690"
861,21-Jan-2019,"4,918.4523"
862,18-Jan-2019,"5,037.5924"
863,17-Jan-2019,"5,035.6170"
864,16-Jan-2019,"5,025.2022"
865,15-Jan-2019,"4,954.6515"
866,14-Jan-2019,"5,087.7727"
867,11-Jan-2019,"5,052.4258"
868,10-Jan-2019,"5,051.6142"
869,09-Jan-2019,"5,576.2549"
870,08-Jan-2019,"5,592.9871"
871,07-Jan-2019,"5,602.1821"
872,04-Jan-2019,"5,384.8025"
873,03-Jan-2019,"5,411.5044"
874,02-Jan-2019,"5,562.3103"
875,01-Jan-2019,"5,270.1730"
876,31-Dec-2018,"5,208.3924"
877,28-Dec-2018,"5,521.8989"
878,27-Dec-2018,"5,091.2333"
879,26-Dec-2018,"5,339.2079"
880,25-Dec-2018,"5,380.9321"
881,24-Dec-2018,"5,750.1486"
882,21-Dec-2018,"5,467.1500"
883,20-Dec-2018,"5,615.6118"
884,19-Dec-2018,"5,153.3549"
885,18-Dec-2018,"4,917.8010"
886,17-Dec-2018,"4,861.6681"
887,14-Dec-2018,"4,395.1930"
888,13-Dec-2018,"4,503.2512"
889,12-Dec-2018,"4,762.4308"
890,11-Dec-2018,"4,677.7716"
891,10-Dec-2018,"4,724.3777"
892,07-Dec-2018,"4,707.6795"
893,06-Dec-2018,"4,966.7542"
894,05-Dec-2018,"5,118.1293"
895,04-Dec-2018,"5,313.9782"
896,03-Dec-2018,"5,257.4864"
897,30-Nov-2018,"5,363.6612"
898,29-Nov-2018,"5,712.4180"
899,28-Nov-2018,"5,777.8736"
900,27-Nov-2018,"5,214.2699"
901,26-Nov-2018,"5,069.3852"
902,23-Nov-2018,"5,876.7371"
903,22-Nov-2018,"6,101.5300"
904,21-Nov-2018,"6,126.1013"
905,20-Nov-2018,"6,007.3181"
906,19-Nov-2018,"6,549.5751"
907,16-Nov-2018,"7,426.0798"
908,15-Nov-2018,"7,513.2298"
909,14-Nov-2018,"7,668.5178"
910,13-Nov-2018,"8,694.3352"
911,12-Nov-2018,"8,788.0557"
912,09-Nov-2018,"8,751.7852"
913,08-Nov-2018,"8,838.8812"
914,07-Nov-2018,"8,934.5102"
915,06-Nov-2018,"8,857.1744"
916,05-Nov-2018,"8,874.2861"
917,02-Nov-2018,"8,817.5368"
918,01-Nov-2018,"8,784.9015"
919,31-Oct-2018,"8,900.1979"
920,30-Oct-2018,"8,812.4384"
921,29-Oct-2018,"8,842.3126"
922,26-Oct-2018,"9,019.5266"
923,25-Oct-2018,"9,032.9098"
924,24-Oct-2018,"9,097.3088"
925,23-Oct-2018,"9,018.3011"
926,22-Oct-2018,"9,046.9857"
927,19-Oct-2018,"8,959.8989"
928,18-Oct-2018,"9,000.0000"
929,17-Oct-2018,"9,051.5049"
930,16-Oct-2018,"9,039.0087"
931,15-Oct-2018,"8,957.2350"
932,12-Oct-2018,"8,724.1399"
933,11-Oct-2018,"8,704.1684"
934,10-Oct-2018,"9,244.6285"
935,09-Oct-2018,"9,262.0495"
936,08-Oct-2018,"9,348.9620"
937,05-Oct-2018,"9,265.1496"
938,04-Oct-2018,"9,250.9541"
939,03-Oct-2018,"9,059.7748"
940,02-Oct-2018,"9,065.9992"
941,01-Oct-2018,"9,060.3432"
942,28-Sep-2018,"9,182.1098"
943,27-Sep-2018,"9,285.7381"
944,26-Sep-2018,"8,945.9504"
945,25-Sep-2018,"8,791.3391"
946,24-Sep-2018,"9,134.3121"
947,21-Sep-2018,"9,196.6137"
948,20-Sep-2018,"8,740.4031"
949,19-Sep-2018,"8,840.9085"
950,18-Sep-2018,"8,740.0360"
951,17-Sep-2018,"8,642.6305"
952,14-Sep-2018,"9,136.6457"
953,13-Sep-2018,"8,988.0456"
954,12-Sep-2018,"8,795.0907"
955,11-Sep-2018,"8,768.5843"
956,10-Sep-2018,"8,854.9607"
957,07-Sep-2018,"9,067.2904"
958,06-Sep-2018,"8,937.5052"
959,05-Sep-2018,"9,654.5379"
960,04-Sep-2018,"10,248.0228"
961,03-Sep-2018,"10,113.2483"
962,31-Aug-2018,"9,781.1119"
963,30-Aug-2018,"9,513.6057"
964,29-Aug-2018,"9,630.8081"
965,28-Aug-2018,"9,649.4618"
966,27-Aug-2018,"9,129.2862"
967,24-Aug-2018,"9,017.7490"
968,23-Aug-2018,"8,846.7669"
969,22-Aug-2018,"8,610.3974"
970,21-Aug-2018,"8,749.4643"
971,20-Aug-2018,"8,794.1834"
972,17-Aug-2018,"8,852.9725"
973,16-Aug-2018,"8,604.4059"
974,15-Aug-2018,"8,811.3090"
975,14-Aug-2018,"8,380.3616"
976,13-Aug-2018,"8,640.2063"
977,10-Aug-2018,"8,474.5995"
978,09-Aug-2018,"8,840.3499"
979,08-Aug-2018,"8,496.0447"
980,07-Aug-2018,"9,261.9510"
981,06-Aug-2018,"9,366.5403"
982,03-Aug-2018,"9,978.5029"
983,02-Aug-2018,"10,243.0454"
984,01-Aug-2018,"10,101.4315"
985,31-Jul-2018,"10,354.1919"
986,30-Jul-2018,"11,000.2429"
987,27-Jul-2018,"11,106.1462"
988,26-Jul-2018,"11,029.8279"
989,25-Jul-2018,"10,969.5722"
990,24-Jul-2018,"11,072.6085"
991,23-Jul-2018,"10,429.1170"
992,20-Jul-2018,"9,896.9566"
993,19-Jul-2018,"10,076.6712"
994,18-Jul-2018,"9,916.4369"
995,17-Jul-2018,"9,897.2004"
996,16-Jul-2018,"8,967.5199"
997,13-Jul-2018,"8,327.0572"
998,12-Jul-2018,"8,325.5026"
999,11-Jul-2018,"8,621.9357"
1000,10-Jul-2018,"8,557.9893"
1001,09-Jul-2018,"8,959.9357"
1002,06-Jul-2018,"8,829.9086"
1003,05-Jul-2018,"8,806.1722"
1004,04-Jul-2018,"9,051.0088"
1005,03-Jul-2018,"8,957.0597"
1006,02-Jul-2018,"9,012.8132"
1007,29-Jun-2018,"7,952.2884"
1008,28-Jun-2018,"8,212.5323"
1009,27-Jun-2018,"8,336.9654"
1010,26-Jun-2018,"8,359.7025"
1011,25-Jun-2018,"8,430.5327"
1012,22-Jun-2018,"8,150.8598"
1013,21-Jun-2018,"9,106.2568"
1014,20-Jun-2018,"9,156.3034"
1015,19-Jun-2018,"9,061.8738"
1016,18-Jun-2018,"9,056.0194"
1017,15-Jun-2018,"8,722.6907"
1018,14-Jun-2018,"8,897.5411"
1019,13-Jun-2018,"8,256.9846"
1020,12-Jun-2018,"8,630.2666"
1021,11-Jun-2018,"8,875.7815"
1022,08-Jun-2018,"10,050.1513"
1023,07-Jun-2018,"10,037.7868"
1024,06-Jun-2018,"9,937.4022"
1025,05-Jun-2018,"10,009.7507"
1026,04-Jun-2018,"9,835.6825"
1027,01-Jun-2018,"9,819.5509"
1028,31-May-2018,"9,958.0978"
1029,30-May-2018,"9,678.1266"
1030,29-May-2018,"9,987.6499"
1031,28-May-2018,"9,566.0440"
1032,25-May-2018,"9,865.3510"
1033,24-May-2018,"9,963.0509"
1034,23-May-2018,"10,040.9866"
1035,22-May-2018,"10,692.2397"
1036,21-May-2018,"11,083.0146"
1037,18-May-2018,"10,943.6801"
1038,17-May-2018,"10,912.4418"
1039,16-May-2018,"11,030.6424"
1040,15-May-2018,"11,390.4724"
1041,14-May-2018,"11,704.6499"
1042,11-May-2018,"11,162.9905"
1043,10-May-2018,"12,065.0252"
1044,09-May-2018,"12,383.9293"
1045,08-May-2018,"12,282.2252"
1046,07-May-2018,"12,541.5470"
1047,04-May-2018,"12,818.0782"
1048,03-May-2018,"12,815.0650"
1049,02-May-2018,"12,246.3981"
1050,01-May-2018,"12,035.1575"
1051,30-Apr-2018,"12,294.1215"
1052,27-Apr-2018,"11,829.1046"
1053,26-Apr-2018,"12,073.6765"
1054,25-Apr-2018,"11,972.7826"
1055,24-Apr-2018,"12,422.5378"
1056,23-Apr-2018,"11,751.2163"
1057,20-Apr-2018,"11,100.5994"
1058,19-Apr-2018,"10,649.3082"
1059,18-Apr-2018,"10,511.6234"
1060,17-Apr-2018,"10,188.6343"
1061,16-Apr-2018,"10,262.4004"
1062,13-Apr-2018,"10,165.4569"
1063,12-Apr-2018,"9,972.9078"
1064,11-Apr-2018,"8,889.9948"
1065,10-Apr-2018,"8,810.8978"
1066,09-Apr-2018,"8,642.5510"
1067,06-Apr-2018,"8,593.5807"
1068,05-Apr-2018,"8,785.3240"
1069,04-Apr-2018,"8,845.6206"
1070,03-Apr-2018,"9,623.1460"
1071,02-Apr-2018,"9,047.1762"
1072,30-Mar-2018,"8,911.5104"
1073,29-Mar-2018,"9,244.7917"
1074,28-Mar-2018,"10,308.2072"
1075,27-Mar-2018,"10,408.8009"
1076,26-Mar-2018,"10,176.7514"
1077,23-Mar-2018,"11,193.2069"
1078,22-Mar-2018,"11,174.7888"
1079,21-Mar-2018,"11,453.3934"
1080,20-Mar-2018,"11,601.5747"
1081,19-Mar-2018,"10,913.3307"
1082,16-Mar-2018,"11,044.8691"
1083,15-Mar-2018,"10,578.2921"
1084,14-Mar-2018,"10,535.6690"
1085,13-Mar-2018,"11,524.2050"
1086,12-Mar-2018,"11,449.3459"
1087,09-Mar-2018,"11,437.3870"
1088,08-Mar-2018,"11,956.6205"
1089,07-Mar-2018,"12,703.1689"
1090,06-Mar-2018,"13,782.0922"
1091,05-Mar-2018,"14,881.5888"
1092,02-Mar-2018,"14,198.9827"
1093,01-Mar-2018,"14,088.5666"
1094,28-Feb-2018,"13,568.2597"
1095,27-Feb-2018,"13,792.8113"
1096,26-Feb-2018,"13,207.5846"
1097,23-Feb-2018,"12,642.5895"
1098,22-Feb-2018,"12,660.5914"
1099,21-Feb-2018,"13,199.9616"
1100,20-Feb-2018,"14,836.4443"
1101,19-Feb-2018,"13,980.3134"
1102,16-Feb-2018,"12,738.2565"
1103,15-Feb-2018,"12,416.0418"
1104,14-Feb-2018,"11,715.3254"
1105,13-Feb-2018,"10,868.1679"
1106,12-Feb-2018,"11,221.5439"
1107,09-Feb-2018,"10,925.1759"
1108,08-Feb-2018,"10,488.0093"
1109,07-Feb-2018,"10,328.5185"
1110,06-Feb-2018,"9,862.1775"
1111,05-Feb-2018,"9,001.1423"
1112,02-Feb-2018,"10,803.5457"
1113,01-Feb-2018,"11,305.9701"
1114,31-Jan-2018,"12,365.7026"
1115,30-Jan-2018,"12,471.5487"
1116,29-Jan-2018,"13,832.2959"
1117,26-Jan-2018,"13,455.7555"
1118,25-Jan-2018,"14,013.3707"
1119,24-Jan-2018,"13,934.3091"
1120,23-Jan-2018,"13,723.8345"
1121,22-Jan-2018,"12,908.4560"
1122,19-Jan-2018,"14,196.3852"
1123,18-Jan-2018,"14,502.6243"
1124,17-Jan-2018,"14,245.4021"
1125,16-Jan-2018,"13,505.7774"
1126,15-Jan-2018,"17,496.6487"
1127,12-Jan-2018,"17,392.8978"
1128,11-Jan-2018,"17,060.4410"
1129,10-Jan-2018,"18,474.4518"
1130,09-Jan-2018,"18,545.6672"
1131,08-Jan-2018,"19,049.1839"
1132,05-Jan-2018,"21,233.1554"
1133,04-Jan-2018,"18,936.2238"
1134,03-Jan-2018,"19,176.8760"
1135,02-Jan-2018,"18,857.9492"
1136,01-Jan-2018,"17,293.1344"
1137,29-Dec-2017,"18,294.9763"
1138,28-Dec-2017,"17,835.6200"
1139,27-Dec-2017,"19,437.6882"
1140,26-Dec-2017,"20,521.4387"
1141,25-Dec-2017,"17,845.2649"
1142,22-Dec-2017,"18,379.1397"
1143,21-Dec-2017,"20,398.6371"
1144,20-Dec-2017,"21,191.9666"
1145,19-Dec-2017,"22,264.1534"
1146,18-Dec-2017,"24,380.3809"
1147,15-Dec-2017,"22,742.8982"
1148,14-Dec-2017,"21,244.9589"
1149,13-Dec-2017,"21,576.3943"
1150,12-Dec-2017,"22,519.8545"
1151,11-Dec-2017,"22,522.2267"
1152,08-Dec-2017,"20,765.9784"
1153,07-Dec-2017,"20,831.9313"
1154,06-Dec-2017,"17,441.8297"
1155,05-Dec-2017,"15,444.6051"
1156,04-Dec-2017,"15,074.4308"
1157,01-Dec-2017,"14,324.5598"
1158,30-Nov-2017,"12,817.1247"
1159,29-Nov-2017,"13,474.1450"
1160,28-Nov-2017,"13,080.5581"
1161,27-Nov-2017,"12,657.8117"
1162,24-Nov-2017,"10,815.7280"
1163,23-Nov-2017,"10,695.0570"
1164,22-Nov-2017,"10,773.0088"
1165,21-Nov-2017,"10,723.2221"
1166,20-Nov-2017,"10,922.2884"
1167,17-Nov-2017,"10,194.5024"
1168,16-Nov-2017,"10,392.7254"
1169,15-Nov-2017,"9,616.6645"
1170,14-Nov-2017,"8,645.5331"
1171,13-Nov-2017,"8,494.6747"
1172,10-Nov-2017,"8,612.8148"
1173,09-Nov-2017,"9,269.5873"
1174,08-Nov-2017,"9,450.0000"
1175,07-Nov-2017,"9,232.9541"
1176,06-Nov-2017,"9,266.9310"
1177,03-Nov-2017,"9,444.6027"
1178,02-Nov-2017,"9,122.8516"
1179,01-Nov-2017,"8,544.9655"
1180,31-Oct-2017,"8,307.2464"
1181,30-Oct-2017,"7,928.8594"
1182,27-Oct-2017,"7,476.7999"
1183,26-Oct-2017,"7,632.3545"
1184,25-Oct-2017,"7,365.1395"
1185,24-Oct-2017,"7,191.5392"
1186,23-Oct-2017,"7,565.4713"
1187,20-Oct-2017,"7,615.9079"
1188,19-Oct-2017,"7,228.4862"
1189,18-Oct-2017,"7,018.4760"
1190,17-Oct-2017,"7,092.3675"
1191,16-Oct-2017,"7,227.4707"
1192,13-Oct-2017,"7,102.2814"
1193,12-Oct-2017,"6,774.1692"
1194,11-Oct-2017,"6,193.3496"
1195,10-Oct-2017,"6,248.6632"
1196,09-Oct-2017,"6,226.0124"
1197,06-Oct-2017,"5,571.3201"
1198,05-Oct-2017,"5,579.2484"
1199,04-Oct-2017,"5,334.9186"
1200,03-Oct-2017,"5,465.3777"
1201,02-Oct-2017,"5,601.6990"
1202,29-Sep-2017,"5,330.4020"
1203,28-Sep-2017,"5,301.9852"
1204,27-Sep-2017,"5,287.2246"
1205,26-Sep-2017,"4,952.3200"
1206,25-Sep-2017,"4,945.7866"
1207,22-Sep-2017,"4,532.8980"
1208,21-Sep-2017,"4,598.0343"
1209,20-Sep-2017,"4,923.9512"
1210,19-Sep-2017,"4,867.0578"
1211,18-Sep-2017,"5,031.3991"
1212,15-Sep-2017,"4,635.8491"
1213,14-Sep-2017,"4,228.0879"
1214,13-Sep-2017,"4,873.5287"
1215,12-Sep-2017,"5,205.7987"
1216,11-Sep-2017,"5,208.3811"
1217,08-Sep-2017,"5,243.9330"
1218,07-Sep-2017,"5,673.1519"
1219,06-Sep-2017,"5,686.7892"
1220,05-Sep-2017,"5,522.2333"
1221,04-Sep-2017,"5,370.0768"
1222,01-Sep-2017,"6,108.4954"
1223,31-Aug-2017,"5,955.6241"
1224,30-Aug-2017,"5,775.1803"
1225,29-Aug-2017,"5,775.0755"
1226,28-Aug-2017,"5,440.2310"
1227,25-Aug-2017,"5,445.1772"
1228,24-Aug-2017,"5,344.3193"
1229,23-Aug-2017,"5,207.4870"
1230,22-Aug-2017,"5,142.1478"
1231,21-Aug-2017,"5,026.8790"
1232,18-Aug-2017,"5,047.4036"
1233,17-Aug-2017,"5,468.3697"
1234,16-Aug-2017,"5,474.9968"
1235,15-Aug-2017,"5,201.2652"
1236,14-Aug-2017,"5,417.4456"
1237,11-Aug-2017,"4,512.1565"
1238,10-Aug-2017,"4,339.0300"
1239,09-Aug-2017,"4,256.0259"
1240,08-Aug-2017,"4,348.3194"
1241,07-Aug-2017,"4,225.0663"
1242,04-Aug-2017,"3,577.1908"
1243,03-Aug-2017,"3,496.8679"
1244,02-Aug-2017,"3,367.4235"
1245,01-Aug-2017,"3,426.6123"
1246,31-Jul-2017,"3,603.6857"
1247,28-Jul-2017,"3,442.7892"
1248,27-Jul-2017,"3,238.9663"
1249,26-Jul-2017,"3,121.8809"
1250,25-Jul-2017,"3,126.0108"
1251,24-Jul-2017,"3,479.4600"
1252,21-Jul-2017,"3,327.1970"
1253,20-Jul-2017,"3,431.3230"
1254,19-Jul-2017,"2,835.8220"
1255,18-Jul-2017,"2,969.5592"
1256,17-Jul-2017,"2,775.7145"
1257,14-Jul-2017,"2,745.7493"
1258,13-Jul-2017,"3,023.0282"
1259,12-Jul-2017,"3,093.9070"
1260,11-Jul-2017,"3,050.5237"
1261,10-Jul-2017,"3,124.1425"
1262,07-Jul-2017,"3,309.2021"
1263,06-Jul-2017,"3,425.5569"
1264,05-Jul-2017,"3,423.3631"
1265,04-Jul-2017,"3,378.4437"
1266,03-Jul-2017,"3,332.4589"
1267,30-Jun-2017,"3,272.6706"
1268,29-Jun-2017,"3,328.1291"
1269,28-Jun-2017,"3,376.3020"
1270,27-Jun-2017,"3,249.1825"
1271,26-Jun-2017,"3,123.3658"
1272,23-Jun-2017,"3,593.0939"
1273,22-Jun-2017,"3,561.4610"
1274,21-Jun-2017,"3,545.2958"
1275,20-Jun-2017,"3,651.0156"
1276,19-Jun-2017,"3,391.5560"
1277,16-Jun-2017,"3,268.5377"
1278,15-Jun-2017,"3,097.3754"
1279,14-Jun-2017,"3,344.0184"
1280,13-Jun-2017,"3,567.0557"
1281,12-Jun-2017,"3,465.2572"
1282,09-Jun-2017,"3,750.7764"
1283,08-Jun-2017,"3,640.0530"
1284,07-Jun-2017,"3,618.4827"
1285,06-Jun-2017,"3,822.4071"
1286,05-Jun-2017,"3,544.3866"
1287,02-Jun-2017,"3,271.4267"
1288,01-Jun-2017,"3,261.0222"
1289,31-May-2017,"3,083.1001"
1290,30-May-2017,"3,048.8951"
1291,29-May-2017,"3,115.1242"
1292,26-May-2017,"3,067.4812"
1293,25-May-2017,"3,226.7900"
1294,24-May-2017,"3,264.9394"
1295,23-May-2017,"2,969.2369"
1296,22-May-2017,"2,842.2460"
1297,19-May-2017,"2,593.1270"
1298,18-May-2017,"2,517.9895"
1299,17-May-2017,"2,399.6234"
1300,16-May-2017,"2,323.7646"
1301,15-May-2017,"2,290.0728"
1302,12-May-2017,"2,288.9536"
1303,11-May-2017,"2,445.2858"
1304,10-May-2017,"2,390.8462"
1305,09-May-2017,"2,314.2254"
1306,08-May-2017,"2,194.7753"
1307,05-May-2017,"2,036.3636"
1308,04-May-2017,"1,997.0850"
1309,03-May-2017,"2,033.9709"
1310,02-May-2017,"1,896.5769"
1311,01-May-2017,"1,882.4123"
1312,28-Apr-2017,"1,741.9191"
1313,27-Apr-2017,"1,794.3232"
1314,26-Apr-2017,"1,722.1984"
1315,25-Apr-2017,"1,690.4061"
1316,24-Apr-2017,"1,652.4488"
1317,21-Apr-2017,"1,646.0764"
1318,20-Apr-2017,"1,643.1057"
1319,19-Apr-2017,"1,603.0796"
1320,18-Apr-2017,"1,583.6265"
1321,17-Apr-2017,"1,563.4712"
1322,14-Apr-2017,"1,537.8528"
1323,13-Apr-2017,"1,543.6724"
1324,12-Apr-2017,"1,614.4908"
1325,11-Apr-2017,"1,624.8933"
1326,10-Apr-2017,"1,601.3857"
1327,07-Apr-2017,"1,591.1780"
1328,06-Apr-2017,"1,580.7606"
1329,05-Apr-2017,"1,490.2165"
1330,04-Apr-2017,"1,501.6783"
1331,03-Apr-2017,"1,506.0972"
1332,31-Mar-2017,"1,397.3784"
1333,30-Mar-2017,"1,346.7417"
1334,29-Mar-2017,"1,351.0622"
1335,28-Mar-2017,"1,345.2783"
1336,27-Mar-2017,"1,342.5928"
1337,24-Mar-2017,"1,259.3861"
1338,23-Mar-2017,"1,362.0396"
1339,22-Mar-2017,"1,311.0402"
1340,21-Mar-2017,"1,419.7218"
1341,20-Mar-2017,"1,327.1375"
1342,17-Mar-2017,"1,439.8262"
1343,16-Mar-2017,"1,504.6887"
1344,15-Mar-2017,"1,622.3807"
1345,14-Mar-2017,"1,653.4453"
1346,13-Mar-2017,"1,642.5007"
1347,10-Mar-2017,"1,463.6797"
1348,09-Mar-2017,"1,592.6469"
1349,08-Mar-2017,"1,541.9633"
1350,07-Mar-2017,"1,640.4110"
1351,06-Mar-2017,"1,682.9333"
1352,03-Mar-2017,"1,682.2693"
1353,02-Mar-2017,"1,655.6715"
1354,01-Mar-2017,"1,592.9278"
1355,28-Feb-2017,"1,561.7705"
1356,27-Feb-2017,"1,554.6118"
1357,24-Feb-2017,"1,531.2931"
1358,23-Feb-2017,"1,504.4312"
1359,22-Feb-2017,"1,465.7710"
1360,21-Feb-2017,"1,452.3903"
1361,20-Feb-2017,"1,377.6131"
1362,17-Feb-2017,"1,378.9419"
1363,16-Feb-2017,"1,343.5105"
1364,15-Feb-2017,"1,313.2002"
1365,14-Feb-2017,"1,317.0057"
1366,13-Feb-2017,"1,307.7215"
1367,10-Feb-2017,"1,302.2778"
1368,09-Feb-2017,"1,272.7642"
1369,08-Feb-2017,"1,383.9503"
1370,07-Feb-2017,"1,378.1799"
1371,06-Feb-2017,"1,337.7708"
1372,03-Feb-2017,"1,316.5409"
1373,02-Feb-2017,"1,318.8120"
1374,01-Feb-2017,"1,286.0306"
1375,31-Jan-2017,"1,261.7108"
1376,30-Jan-2017,"1,217.9786"
1377,27-Jan-2017,"1,217.3482"
1378,26-Jan-2017,"1,211.6507"
1379,25-Jan-2017,"1,178.7591"
1380,24-Jan-2017,"1,182.7818"
1381,23-Jan-2017,"1,213.4309"
1382,20-Jan-2017,"1,189.1506"
1383,19-Jan-2017,"1,199.5241"
1384,18-Jan-2017,"1,164.0069"
1385,17-Jan-2017,"1,185.3594"
1386,16-Jan-2017,"1,109.2380"
1387,13-Jan-2017,"1,102.9847"
1388,12-Jan-2017,"1,106.4111"
1389,11-Jan-2017,"1,059.7958"
1390,10-Jan-2017,"1,227.9647"
1391,09-Jan-2017,"1,212.3844"
1392,06-Jan-2017,"1,227.6112"
1393,05-Jan-2017,"1,326.0253"
1394,04-Jan-2017,"1,490.2991"
1395,03-Jan-2017,"1,412.1766"
1396,02-Jan-2017,"1,407.5104"
1397,30-Dec-2016,"1,316.9045"
1398,29-Dec-2016,"1,334.4732"
1399,28-Dec-2016,"1,343.4559"
1400,27-Dec-2016,"1,295.9238"
1401,26-Dec-2016,"1,247.7759"
1402,23-Dec-2016,"1,255.7690"
1403,22-Dec-2016,"1,193.3657"
1404,21-Dec-2016,"1,140.7264"
1405,20-Dec-2016,"1,090.1377"
1406,19-Dec-2016,"1,089.9821"
1407,16-Dec-2016,"1,067.2961"
1408,15-Dec-2016,"1,054.1021"
1409,14-Dec-2016,"1,047.9217"
1410,13-Dec-2016,"1,038.0933"
1411,12-Dec-2016,"1,037.2183"
1412,09-Dec-2016,"1,032.1218"
1413,08-Dec-2016,"1,029.0232"
1414,07-Dec-2016,"1,023.0728"
1415,06-Dec-2016,"1,014.3929"
1416,05-Dec-2016,"1,003.5193"
1417,02-Dec-2016,"1,030.1139"
1418,01-Dec-2016,"1,012.6062"
1419,30-Nov-2016,"1,005.8195"
1420,29-Nov-2016,979.2786
1421,28-Nov-2016,973.8445
1422,25-Nov-2016,985.6281
1423,24-Nov-2016,991.8478
1424,23-Nov-2016,998.0785
1425,22-Nov-2016,"1,010.3052"
1426,21-Nov-2016,997.7892
1427,18-Nov-2016,"1,011.5997"
1428,17-Nov-2016,995.3981
1429,16-Nov-2016,988.8117
1430,15-Nov-2016,938.8308
1431,14-Nov-2016,932.7865
1432,11-Nov-2016,947.1741
1433,10-Nov-2016,932.2610
1434,09-Nov-2016,938.0778
1435,08-Nov-2016,914.3888
1436,07-Nov-2016,912.1087
1437,04-Nov-2016,906.2679
1438,03-Nov-2016,903.3576
1439,02-Nov-2016,947.3705
1440,01-Nov-2016,948.6024
1441,31-Oct-2016,920.7463
1442,28-Oct-2016,900.4865
1443,27-Oct-2016,894.8374
1444,26-Oct-2016,874.6961
1445,25-Oct-2016,853.1512
1446,24-Oct-2016,852.1414
1447,21-Oct-2016,826.6947
1448,20-Oct-2016,823.7021
1449,19-Oct-2016,811.8607
1450,18-Oct-2016,824.7751
1451,17-Oct-2016,833.3726
1452,14-Oct-2016,835.7667
1453,13-Oct-2016,838.1009
1454,12-Oct-2016,839.9762
1455,11-Oct-2016,844.3192
1456,10-Oct-2016,806.9541
1457,07-Oct-2016,809.2888
1458,06-Oct-2016,803.1361
1459,05-Oct-2016,800.4328
1460,04-Oct-2016,796.1831
1461,03-Oct-2016,794.6080
1462,30-Sep-2016,788.0636
1463,29-Sep-2016,791.8968
1464,28-Sep-2016,784.0156
1465,27-Sep-2016,785.1069
1466,26-Sep-2016,790.8758
1467,23-Sep-2016,788.5347
1468,22-Sep-2016,777.7298
1469,21-Sep-2016,779.5410
1470,20-Sep-2016,802.9766
1471,19-Sep-2016,806.1579
1472,16-Sep-2016,808.8883
1473,15-Sep-2016,804.8969
1474,14-Sep-2016,815.3486
1475,13-Sep-2016,814.0198
1476,12-Sep-2016,801.1626
1477,09-Sep-2016,823.2207
1478,08-Sep-2016,816.4944
1479,07-Sep-2016,800.3126
1480,06-Sep-2016,790.1573
1481,05-Sep-2016,793.9502
1482,02-Sep-2016,754.5875
1483,01-Sep-2016,754.0050
1484,31-Aug-2016,761.1629
1485,30-Aug-2016,765.2029
1486,29-Aug-2016,756.2467
1487,26-Aug-2016,763.0932
1488,25-Aug-2016,755.2493
1489,24-Aug-2016,759.9685
1490,23-Aug-2016,761.0579
1491,22-Aug-2016,766.2554
1492,19-Aug-2016,748.1132
1493,18-Aug-2016,742.0710
1494,17-Aug-2016,744.8406
1495,16-Aug-2016,750.6887
1496,15-Aug-2016,738.3453
1497,12-Aug-2016,764.2259
1498,11-Aug-2016,765.4161
1499,10-Aug-2016,770.5737
1500,09-Aug-2016,761.2146
1501,08-Aug-2016,771.4584
1502,05-Aug-2016,753.4313
1503,04-Aug-2016,745.2306
1504,03-Aug-2016,745.5995
1505,02-Aug-2016,742.9379
1506,01-Aug-2016,817.0978
1507,29-Jul-2016,862.5477
1508,28-Jul-2016,870.5396
1509,27-Jul-2016,876.4015
1510,26-Jul-2016,871.4457
1511,25-Jul-2016,876.5021
1512,22-Jul-2016,878.1794
1513,21-Jul-2016,884.4358
1514,20-Jul-2016,889.8248
1515,19-Jul-2016,892.6725
1516,18-Jul-2016,885.8272
1517,15-Jul-2016,880.4592
1518,14-Jul-2016,864.1650
1519,13-Jul-2016,868.5940
1520,12-Jul-2016,874.5769
1521,11-Jul-2016,860.1938
1522,08-Jul-2016,870.2735
1523,07-Jul-2016,824.9900
1524,06-Jul-2016,897.1292
1525,05-Jul-2016,895.5934
1526,04-Jul-2016,891.1983
1527,01-Jul-2016,899.0136
1528,30-Jun-2016,888.4058
1529,29-Jun-2016,850.9993
1530,28-Jun-2016,874.7733
1531,27-Jun-2016,874.9183
1532,24-Jun-2016,870.3803
1533,23-Jun-2016,803.4940
1534,22-Jun-2016,813.4631
1535,21-Jun-2016,867.6502
1536,20-Jun-2016,989.4356
1537,17-Jun-2016,"1,011.4984"
1538,16-Jun-2016,"1,033.1207"
1539,15-Jun-2016,935.4299
1540,14-Jun-2016,935.7376
1541,13-Jun-2016,931.8403
1542,10-Jun-2016,783.1819
1543,09-Jun-2016,772.0780
1544,08-Jun-2016,775.5386
1545,07-Jun-2016,772.4471
1546,06-Jun-2016,788.8301
1547,03-Jun-2016,781.3348
1548,02-Jun-2016,740.0277
1549,01-Jun-2016,736.2259
1550,31-May-2016,720.4090
1551,30-May-2016,729.8915
1552,27-May-2016,654.0495
1553,26-May-2016,624.0902
1554,25-May-2016,621.7917
1555,24-May-2016,617.9009
1556,23-May-2016,611.4847
1557,20-May-2016,610.2561
1558,19-May-2016,612.4758
1559,18-May-2016,627.0704
1560,17-May-2016,618.1520
1561,16-May-2016,621.0916
1562,13-May-2016,626.2753
1563,12-May-2016,618.0317
1564,11-May-2016,613.1761
1565,10-May-2016,616.8930
1566,09-May-2016,630.3635
1567,06-May-2016,626.6377
1568,05-May-2016,600.4954
1569,04-May-2016,598.4044
1570,03-May-2016,601.7234
1571,02-May-2016,580.6599
1572,29-Apr-2016,597.7643
1573,28-Apr-2016,589.5503
1574,27-Apr-2016,596.8519
1575,26-Apr-2016,604.4909
1576,25-Apr-2016,605.2100
1577,22-Apr-2016,580.9258
1578,21-Apr-2016,582.3362
1579,20-Apr-2016,567.1199
1580,19-Apr-2016,552.9999
1581,18-Apr-2016,551.6449
1582,15-Apr-2016,554.4772
1583,14-Apr-2016,551.4939
1584,13-Apr-2016,553.9979
1585,12-Apr-2016,552.0099
1586,11-Apr-2016,554.4342
1587,08-Apr-2016,553.2081
1588,07-Apr-2016,560.6448
1589,06-Apr-2016,554.4462
1590,05-Apr-2016,558.0419
1591,04-Apr-2016,549.5926
1592,01-Apr-2016,541.5070
1593,31-Mar-2016,542.6390
1594,30-Mar-2016,538.4515
1595,29-Mar-2016,542.8702
1596,28-Mar-2016,557.4457
1597,25-Mar-2016,553.3822
1598,24-Mar-2016,551.9915
1599,23-Mar-2016,554.2861
1600,22-Mar-2016,545.1659
1601,21-Mar-2016,541.1136
1602,18-Mar-2016,531.1514
1603,17-Mar-2016,545.7990
1604,16-Mar-2016,550.5426
1605,15-Mar-2016,556.4629
1606,14-Mar-2016,549.9668
1607,11-Mar-2016,553.7424
1608,10-Mar-2016,558.1130
1609,09-Mar-2016,549.4191
1610,08-Mar-2016,552.7767
1611,07-Mar-2016,552.7041
1612,04-Mar-2016,552.3304
1613,03-Mar-2016,570.9506
1614,02-Mar-2016,586.5936
1615,01-Mar-2016,598.9967
1616,29-Feb-2016,606.4092
1617,26-Feb-2016,594.4483
1618,25-Feb-2016,584.1000
1619,24-Feb-2016,586.5796
1620,23-Feb-2016,582.2043
1621,22-Feb-2016,604.4801
1622,19-Feb-2016,585.3348
1623,18-Feb-2016,585.7921
1624,17-Feb-2016,582.0673
1625,16-Feb-2016,568.7140
1626,15-Feb-2016,553.4529
1627,12-Feb-2016,536.4671
1628,11-Feb-2016,527.8481
1629,10-Feb-2016,534.8880
1630,09-Feb-2016,527.7071
1631,08-Feb-2016,524.6369
1632,05-Feb-2016,543.3696
1633,04-Feb-2016,536.8786
1634,03-Feb-2016,514.0307
1635,02-Feb-2016,530.2557
1636,01-Feb-2016,520.1743
1637,29-Jan-2016,527.8115
1638,28-Jan-2016,538.1880
1639,27-Jan-2016,561.5910
1640,26-Jan-2016,560.4309
1641,25-Jan-2016,561.6015
1642,22-Jan-2016,539.5146
1643,21-Jan-2016,580.8456
1644,20-Jan-2016,587.4367
1645,19-Jan-2016,549.0451
1646,18-Jan-2016,559.1730
1647,15-Jan-2016,562.5437
1648,14-Jan-2016,616.9458
1649,13-Jan-2016,615.5770
1650,12-Jan-2016,637.9828
1651,11-Jan-2016,640.1629
1652,08-Jan-2016,648.1812
1653,07-Jan-2016,648.1323
1654,06-Jan-2016,608.7233
1655,05-Jan-2016,602.9867
1656,04-Jan-2016,604.1568
1657,01-Jan-2016,594.2200
1658,31-Dec-2015,592.4777
1659,30-Dec-2015,585.6653
1660,29-Dec-2015,585.5871
1661,28-Dec-2015,577.4131
1662,25-Dec-2015,628.1121
1663,24-Dec-2015,622.5350
1664,23-Dec-2015,614.2087
1665,22-Dec-2015,603.5912
1666,21-Dec-2015,604.0873
1667,18-Dec-2015,642.3415
1668,17-Dec-2015,637.0635
1669,16-Dec-2015,631.6655
1670,15-Dec-2015,642.4381
1671,14-Dec-2015,605.6008
1672,11-Dec-2015,625.0035
1673,10-Dec-2015,572.4327
1674,09-Dec-2015,575.2212
1675,08-Dec-2015,548.3375
1676,07-Dec-2015,540.7647
1677,04-Dec-2015,494.0632
1678,03-Dec-2015,491.1629
1679,02-Dec-2015,493.8731
1680,01-Dec-2015,492.5754
1681,30-Nov-2015,520.6887
1682,27-Nov-2015,498.5133
1683,26-Nov-2015,483.2942
1684,25-Nov-2015,452.1643
1685,24-Nov-2015,440.1240
1686,23-Nov-2015,450.8755
1687,20-Nov-2015,442.7585
1688,19-Nov-2015,455.7593
1689,18-Nov-2015,474.1387
1690,17-Nov-2015,471.4085
1691,16-Nov-2015,466.4178
1692,13-Nov-2015,465.1388
1693,12-Nov-2015,458.1650
1694,11-Nov-2015,436.1603
1695,10-Nov-2015,472.1883
1696,09-Nov-2015,537.3280
1697,06-Nov-2015,524.9185
1698,05-Nov-2015,571.2047
1699,04-Nov-2015,586.6312
1700,03-Nov-2015,551.1547
1701,02-Nov-2015,507.3856
1702,30-Oct-2015,452.2403
1703,29-Oct-2015,443.1519
1704,28-Oct-2015,424.3536
1705,27-Oct-2015,410.8255
1706,26-Oct-2015,394.6635
1707,23-Oct-2015,385.3976
1708,22-Oct-2015,381.8056
1709,21-Oct-2015,372.3593
1710,20-Oct-2015,372.1740
1711,19-Oct-2015,363.2014
1712,16-Oct-2015,357.5007
1713,15-Oct-2015,346.5421
1714,14-Oct-2015,347.3028
1715,13-Oct-2015,343.6379
1716,12-Oct-2015,333.7814
1717,09-Oct-2015,333.0381
1718,08-Oct-2015,335.7290
1719,07-Oct-2015,339.9112
1720,06-Oct-2015,343.1580
1721,05-Oct-2015,337.9481
1722,02-Oct-2015,336.8369
1723,01-Oct-2015,338.0546
1724,30-Sep-2015,336.9553
1725,29-Sep-2015,338.7124
1726,28-Sep-2015,339.2561
1727,25-Sep-2015,333.0250
1728,24-Sep-2015,334.7090
1729,23-Sep-2015,327.5828
1730,22-Sep-2015,323.5725
1731,21-Sep-2015,318.1551
1732,18-Sep-2015,324.2943
1733,17-Sep-2015,324.5577
1734,16-Sep-2015,314.7917
1735,15-Sep-2015,320.7336
1736,14-Sep-2015,323.3754
1737,11-Sep-2015,337.4154
1738,10-Sep-2015,338.3604
1739,09-Sep-2015,340.5809
1740,08-Sep-2015,347.3647
1741,07-Sep-2015,347.3221
1742,04-Sep-2015,334.4428
1743,03-Sep-2015,323.6040
1744,02-Sep-2015,325.2947
1745,01-Sep-2015,323.1207
1746,31-Aug-2015,323.2261
1747,28-Aug-2015,325.2683
1748,27-Aug-2015,316.3621
1749,26-Aug-2015,318.3043
1750,25-Aug-2015,316.6597
1751,24-Aug-2015,300.2514
1752,21-Aug-2015,318.2551
1753,20-Aug-2015,321.5697
1754,19-Aug-2015,308.4875
1755,18-Aug-2015,340.7871
1756,17-Aug-2015,348.6036
1757,14-Aug-2015,361.4540
1758,13-Aug-2015,359.9864
1759,12-Aug-2015,365.5154
1760,11-Aug-2015,364.2808
1761,10-Aug-2015,356.8096
1762,07-Aug-2015,376.5530
1763,06-Aug-2015,378.1331
1764,05-Aug-2015,383.1499
1765,04-Aug-2015,386.2349
1766,03-Aug-2015,389.3127
1767,31-Jul-2015,389.1078
1768,30-Jul-2015,393.8862
1769,29-Jul-2015,398.8219
1770,28-Jul-2015,401.4984
1771,27-Jul-2015,406.2698
1772,24-Jul-2015,395.3466
1773,23-Jul-2015,376.0766
1774,22-Jul-2015,374.7458
1775,21-Jul-2015,376.1520
1776,20-Jul-2015,376.0336
1777,17-Jul-2015,376.8511
1778,16-Jul-2015,375.2193
1779,15-Jul-2015,393.9304
1780,14-Jul-2015,389.6325
1781,13-Jul-2015,391.4158
1782,10-Jul-2015,384.7619
1783,09-Jul-2015,361.9565
1784,08-Jul-2015,360.3418
1785,07-Jul-2015,356.4127
1786,06-Jul-2015,365.2898
1787,03-Jul-2015,340.0426
1788,02-Jul-2015,334.8350
1789,01-Jul-2015,338.5350
1790,30-Jun-2015,338.3897
1791,29-Jun-2015,332.1535
1792,26-Jun-2015,315.1214
1793,25-Jun-2015,310.7867
1794,24-Jun-2015,312.6898
1795,23-Jun-2015,315.8140
1796,22-Jun-2015,320.2432
1797,19-Jun-2015,316.4801
1798,18-Jun-2015,317.3952
1799,17-Jun-2015,322.3684
1800,16-Jun-2015,316.2197
1801,15-Jun-2015,303.6422
1802,12-Jun-2015,296.9634
1803,11-Jun-2015,294.8563
1804,10-Jun-2015,294.0866
1805,09-Jun-2015,297.8685
1806,08-Jun-2015,296.4823
1807,05-Jun-2015,294.5493
1808,04-Jun-2015,291.0816
1809,03-Jun-2015,289.9332
1810,02-Jun-2015,289.2889
1811,01-Jun-2015,291.9164
1812,29-May-2015,308.1873
1813,28-May-2015,308.6667
1814,27-May-2015,303.7750
1815,26-May-2015,304.8979
1816,25-May-2015,300.9966
1817,22-May-2015,306.0010
1818,21-May-2015,298.4551
1819,20-May-2015,296.8385
1820,19-May-2015,292.8111
1821,18-May-2015,290.4303
1822,15-May-2015,294.9496
1823,14-May-2015,292.7131
1824,13-May-2015,299.6057
1825,12-May-2015,302.1554
1826,11-May-2015,306.6886
1827,08-May-2015,307.7330
1828,07-May-2015,298.6726
1829,06-May-2015,292.9620
1830,05-May-2015,294.2983
1831,04-May-2015,302.5893
1832,01-May-2015,298.7013
1833,30-Apr-2015,298.8238
1834,29-Apr-2015,282.7341
1835,28-Apr-2015,279.1205
1836,27-Apr-2015,282.3687
1837,24-Apr-2015,295.8717
1838,23-Apr-2015,301.4396
1839,22-Apr-2015,301.8817
1840,21-Apr-2015,302.3081
1841,20-Apr-2015,290.1656
1842,17-Apr-2015,286.1347
1843,16-Apr-2015,292.1481
1844,15-Apr-2015,285.2532
1845,14-Apr-2015,284.4106
1846,13-Apr-2015,294.4664
1847,10-Apr-2015,304.6666
1848,09-Apr-2015,314.7368
1849,08-Apr-2015,319.9610
1850,07-Apr-2015,333.6564
1851,06-Apr-2015,335.6513
1852,03-Apr-2015,333.6914
1853,02-Apr-2015,332.6047
1854,01-Apr-2015,323.2044
1855,31-Mar-2015,321.2145
1856,30-Mar-2015,323.8705
1857,27-Mar-2015,320.8505
1858,26-Mar-2015,317.6884
1859,25-Mar-2015,312.7548
1860,24-Mar-2015,313.0854
1861,23-Mar-2015,337.6554
1862,20-Mar-2015,336.5155
1863,19-Mar-2015,335.1058
1864,18-Mar-2015,338.3764
1865,17-Mar-2015,375.2461
1866,16-Mar-2015,378.1369
1867,13-Mar-2015,377.6266
1868,12-Mar-2015,384.6154
1869,11-Mar-2015,386.4683
1870,10-Mar-2015,383.3770
1871,09-Mar-2015,373.3056
1872,06-Mar-2015,352.9579
1873,05-Mar-2015,356.1906
1874,04-Mar-2015,343.1348
1875,03-Mar-2015,360.4169
1876,02-Mar-2015,352.2142
1877,27-Feb-2015,326.3501
1878,26-Feb-2015,303.0253
1879,25-Feb-2015,301.3562
1880,24-Feb-2015,305.6782
1881,23-Feb-2015,307.4587
1882,20-Feb-2015,312.6816
1883,19-Feb-2015,309.3534
1884,18-Feb-2015,299.7568
1885,17-Feb-2015,309.4246
1886,16-Feb-2015,304.4742
1887,13-Feb-2015,302.6773
1888,12-Feb-2015,287.2577
1889,11-Feb-2015,283.9399
1890,10-Feb-2015,282.5013
1891,09-Feb-2015,282.9043
1892,06-Feb-2015,286.7214
1893,05-Feb-2015,279.2105
1894,04-Feb-2015,290.3430
1895,03-Feb-2015,291.4817
1896,02-Feb-2015,290.6458
1897,30-Jan-2015,294.7883
1898,29-Jan-2015,303.4652
1899,28-Jan-2015,297.2247
1900,27-Jan-2015,327.4994
1901,26-Jan-2015,343.2194
1902,23-Jan-2015,298.0410
1903,22-Jan-2015,288.7020
1904,21-Jan-2015,278.2738
1905,20-Jan-2015,257.5798
1906,19-Jan-2015,263.6629
1907,16-Jan-2015,252.8611
1908,15-Jan-2015,248.1071
1909,14-Jan-2015,219.4972
1910,13-Jan-2015,287.3148
1911,12-Jan-2015,331.1351
1912,09-Jan-2015,352.1744
1913,08-Jan-2015,340.7435
1914,07-Jan-2015,
1915,06-Jan-2015,342.3448
1916,05-Jan-2015,342.4295
1917,02-Jan-2015,388.7420
1918,01-Jan-2015,383.9990
1919,31-Dec-2014,389.2193
1920,30-Dec-2014,379.1056
1921,29-Dec-2014,386.0462
1922,26-Dec-2014,406.4647
1923,25-Dec-2014,392.8334
1924,24-Dec-2014,396.4977
1925,23-Dec-2014,415.3201
1926,22-Dec-2014,406.5364
1927,19-Dec-2014,385.6126
1928,18-Dec-2014,383.2986
1929,17-Dec-2014,396.1737
1930,16-Dec-2014,404.6599
1931,15-Dec-2014,424.0716
1932,12-Dec-2014,432.5818
1933,11-Dec-2014,422.5405
1934,10-Dec-2014,420.8464
1935,09-Dec-2014,423.6982
1936,08-Dec-2014,442.7004
